docker,faasd
620,273
644,300
671,329
698,363
728,395
755,426
784,455
815,493
844,530
872,557
902,586
927,613
953,642
983,672
1019,704
1044,735
1067,766
1093,799
1123,829
1148,866
1179,899
1210,927
1234,956
1266,989
1293,1017
1322,1049
1354,1081
1375,1107
1404,1137
1434,1171
1463,1208
1495,1235
1525,1267
1554,1299
1585,1332
1609,1360
1642,1389
1672,1422
1701,1449
1731,1487
1755,1521
1785,1553
1814,1582
1839,1624
1871,1656
1904,1687
1934,1719
1961,1757
1990,1786
2020,1818
2051,1851
